,user_id,session_id,timestamp,action,time_spent_sec,visited_policy,review_text,purchase_completed,trust_stage,hesitation_level,abandonment,policy_anxiety,doubt_signal,trust_score,trust_status
16,U316,S9521,2026-02-15 04:32:52,checkout_started,85,Yes,Very confusing experience,No,broken,High,1,1,0,45,Critical
69,U769,S1314,2026-01-10 22:33:10,checkout_started,125,Yes,Lost confidence completely,No,broken,High,1,1,0,45,Critical
75,U135,S2699,2026-01-25 12:19:21,checkout_started,118,Yes,Very confusing experience,No,broken,High,1,1,0,45,Critical
79,U661,S2024,2026-02-08 16:27:56,checkout_started,120,Yes,Payment process feels unsafe,No,broken,High,1,1,0,45,Critical
98,U892,S9303,2026-02-04 03:05:11,checkout_started,84,Yes,Very confusing experience,No,broken,High,1,1,0,45,Critical
112,U908,S9764,2026-02-03 18:24:00,checkout_started,129,Yes,Payment process feels unsafe,No,broken,High,1,1,0,45,Critical
151,U550,S4857,2026-02-06 08:47:32,checkout_started,76,Yes,,No,erosion,High,1,1,0,45,Critical
156,U108,S8447,2026-02-11 09:20:59,checkout_started,47,Yes,I used to trust this more earlier,No,erosion,Medium,1,1,1,40,Critical
163,U543,S4803,2026-02-02 12:21:40,checkout_started,113,Yes,Lost confidence completely,No,broken,High,1,1,0,45,Critical
182,U492,S8469,2026-01-10 10:04:34,checkout_started,152,Yes,Very confusing experience,No,broken,High,1,1,0,45,Critical
